[
  {
    "id": "100002",
    "company": "Yahoo - ATandT",
    "url": "https://docs.google.com/presentation/d/e/2PACX-1vRycnnJQOh0_9JeZ_Y8YZj1oQz1JOVcQbQYih3ZQzGG9LE8GZ7IATli-L9mqDskfyQgVNwR-OrIr1jf/pub?start=false&loop=false&delayms=3000&slide=id.p"
  },
  {
    "id": "100003",
    "company": "ATandT-1",
    "url": "https://docs.google.com/presentation/d/e/2PACX-1vT7jCMYmasLJGZ-rDF1WT4J6Jr7s1dUrv4dCbCMwNAVktAp5jyVTT35cGnbmXxGR2gt8rbDf8YyTfYm/pub?start=false&loop=false&delayms=3000&slide=id.p"
  },
  {
    "id": "100004",
    "company": "Google-Gmail-1",
    "url": "https://script.google.com/macros/s/AKfycbzZbS6HiAUobVznyasuvxHNshx1_Ic-H4fLjiOt1B-oLwOJSD2wGMRebcufR6hp3ao/exec"
  },
  {
    "id": "100005",
    "company": "Norton",
    "url": "https://us.norton.com/"
  }
]
