[
  {
    "company": "DHL",
    "url": "https://mydhl.express.dhl/login"
  },
  {
    "company": "FedEx",
    "url": "https://www.fedex.com/apps/myprofile/login"
  },
  {
    "company": "UPS",
    "url": "https://www.ups.com/lasso/login"
  },
  {
    "company": "USPS",
    "url": "https://reg.usps.com/entreg/LoginAction_input"
  },
  {
    "company": "AT&T",
    "url": "https://www.att.com/acctmgmt/login"
  },
  {
    "company": "Verizon",
    "url": "https://secure.verizon.com/vzauth/UI/Login"
  },
  {
    "company": "T-Mobile",
    "url": "https://account.t-mobile.com/signin/v2/"
  },
  {
    "company": "Sprint",
    "url": "https://www.sprint.com/login"
  },
  {
    "company": "BT",
    "url": "https://www.bt.com/login"
  },
  {
    "company": "Vodafone",
    "url": "https://www.vodafone.com/login"
  },
  {
    "company": "Orange",
    "url": "https://login.orange.fr/"
  },
  {
    "company": "Telefonica",
    "url": "https://www.telefonica.com/en/login"
  },
  {
    "company": "Deutsche Telekom",
    "url": "https://www.telekom.com/en/login"
  },
  {
    "company": "Comcast",
    "url": "https://login.xfinity.com/login"
  },
  {
    "company": "Charter Spectrum",
    "url": "https://www.spectrum.net/login"
  }
]
