[
  {
    "id": "4",
    "company": "USPS",
    "url": "https://reg.usps.com/entreg/LoginAction_input"
  },
  {
    "id": "5",
    "company": "AT&T",
    "url": "https://www.att.com/acctmgmt/login"
  },
  {
    "id": "6",
    "company": "Verizon",
    "url": "https://secure.verizon.com/vzauth/UI/Login"
  },
  {
    "id": "7",
    "company": "T-Mobile",
    "url": "https://account.t-mobile.com/signin/v2/"
  },
  {
    "id": "8",
    "company": "Sprint",
    "url": "https://www.sprint.com/login"
  },
  {
    "id": "9",
    "company": "BT",
    "url": "https://www.bt.com/login"
  },
  {
    "id": "10",
    "company": "Vodafone",
    "url": "https://www.myvi.in/account/login"
  },
  {
    "id": "11",
    "company": "Orange",
    "url": "https://login.orange.fr/"
  },
  {
    "id": "12",
    "company": "Telefonica",
    "url": "https://www.telefonica.com/en/login"
  },
  {
    "id": "13",
    "company": "Deutsche Telekom",
    "url": "https://www.telekom.com/en"
  },
  {
    "id": "14",
    "company": "Comcast",
    "url": "https://login.xfinity.com/login"
  },
  {
    "id": "15",
    "company": "Charter Spectrum",
    "url": "https://www.spectrum.net/login"
  },
  {
    "id": "16",
    "company": "Google",
    "url": "https://accounts.google.com/signin"
  },
  {
    "id": "17",
    "company": "Facebook",
    "url": "https://www.facebook.com/login"
  },
  {
    "id": "18",
    "company": "Amazon",
    "url": "https://www.amazon.com/ap/signin?openid.pape.max_auth_age=0&openid.return_to=https%3A%2F%2Fwww.amazon.com%2F%3Fref_%3Dnav_custrec_signin&openid.identity=http%3A%2F%2Fspecs.openid.net%2Fauth%2F2.0%2Fidentifier_select&openid.assoc_handle=usflex&openid.mode=checkid_setup&openid.claimed_id=http%3A%2F%2Fspecs.openid.net%2Fauth%2F2.0%2Fidentifier_select&openid.ns=http%3A%2F%2Fspecs.openid.net%2Fauth%2F2.0"
  },
  {
    "id": "20",
    "company": "Instagram",
    "url": "https://www.instagram.com/accounts/login/"
  },
  {
    "id": "21",
    "company": "LinkedIn",
    "url": "https://www.linkedin.com/login"
  },
  {
    "id": "22",
    "company": "Yahoo",
    "url": "https://login.yahoo.com/"
  },
  {
    "id": "23",
    "company": "Netflix",
    "url": "https://www.netflix.com/login"
  },
  {
    "id": "24",
    "company": "eBay",
    "url": "https://signin.ebay.com/"
  },
  {
    "id": "25",
    "company": "Reddit",
    "url": "https://www.reddit.com/login/"
  },
  {
    "id": "26",
    "company": "Pinterest",
    "url": "https://www.pinterest.com/login/"
  },
  {
    "id": "28",
    "company": "Microsoft",
    "url": "https://login.live.com/"
  },
  {
    "id": "30",
    "company": "Spotify",
    "url": "https://accounts.spotify.com/en/login"
  },
  {
    "id": "31",
    "company": "Dropbox",
    "url": "https://www.dropbox.com/login"
  },
  {
    "id": "35",
    "company": "GitHub",
    "url": "https://github.com/login"
  },
  {
    "id": "36",
    "company": "Twitch",
    "url": "https://www.twitch.tv/login"
  },
  {
    "id": "37",
    "company": "Snapchat",
    "url": "https://accounts.snapchat.com/accounts/login"
  },
  {
    "id": "38",
    "company": "Airbnb",
    "url": "https://www.airbnb.com/login"
  },
  {
    "id": "39",
    "company": "Uber",
    "url": "https://auth.uber.com/login/"
  },
  {
    "id": "40",
    "company": "Salesforce",
    "url": "https://login.salesforce.com/"
  },
  {
    "id": "41",
    "company": "Trello",
    "url": "https://trello.com/login"
  },
  {
    "id": "42",
    "company": "Bitbucket",
    "url": "https://bitbucket.org/account/signin/"
  },
  {
    "id": "43",
    "company": "Heroku",
    "url": "https://id.heroku.com/login"
  },
  {
    "id": "44",
    "company": "DigitalOcean",
    "url": "https://cloud.digitalocean.com/login"
  },
  {
    "id": "45",
    "company": "Stack Overflow",
    "url": "https://stackoverflow.com/users/login"
  },
  {
    "id": "46",
    "company": "Medium",
    "url": "https://medium.com/m/signin"
  },
  {
    "id": "47",
    "company": "Quora",
    "url": "https://www.quora.com/login"
  },
  {
    "id": "48",
    "company": "Vimeo",
    "url": "https://vimeo.com/log_in"
  },
  {
    "id": "49",
    "company": "Tumblr",
    "url": "https://www.tumblr.com/login"
  },
  {
    "id": "50",
    "company": "Bing",
    "url": "https://login.live.com/"
  },
  {
    "id": "54",
    "company": "Glassdoor",
    "url": "https://www.glassdoor.com/profile/login_input.htm"
  },
  {
    "id": "57",
    "company": "Tinder",
    "url": "https://tinder.com/login"
  },
  {
    "id": "59",
    "company": "Khan Academy",
    "url": "https://www.khanacademy.org/login"
  },
  {
    "id": "60",
    "company": "Coursera",
    "url": "https://www.coursera.org/?authMode=login"
  },
  {
    "id": "61",
    "company": "Udemy",
    "url": "https://www.udemy.com/join/login-popup/"
  },
  {
    "id": "63",
    "company": "MasterClass",
    "url": "https://www.masterclass.com/auth/login"
  },
  {
    "id": "65",
    "company": "Duolingo",
    "url": "https://www.duolingo.com/log-in"
  },
  {
    "id": "66",
    "company": "Kaggle",
    "url": "https://www.kaggle.com/account/login"
  },
  {
    "id": "67",
    "company": "Udacity",
    "url": "https://auth.udacity.com/sign-in"
  },
  {
    "id": "68",
    "company": "Pluralsight",
    "url": "https://app.pluralsight.com/id"
  },
  {
    "id": "70",
    "company": "Target",
    "url": "https://www.target.com/login"
  },
  {
    "id": "74",
    "company": "IKEA",
    "url": "https://www.ikea.com/us/en/profile/login"
  },
  {
    "id": "78",
    "company": "Nike",
    "url": "https://www.nike.com/login"
  },
  {
    "id": "80",
    "company": "Bank of America",
    "url": "https://secure.bankofamerica.com/login/sign-in/signOnV2Screen.go"
  },
  {
    "id": "81",
    "company": "Wells Fargo",
    "url": "https://www.wellsfargo.com/"
  },
  {
    "id": "85",
    "company": "Booking.com",
    "url": "https://account.booking.com/sign-in"
  },
  {
    "id": "87",
    "company": "Marriott",
    "url": "https://www.marriott.com"
  },
  {
    "id": "88",
    "company": "Hilton",
    "url": "https://www.hilton.com/en/"
  },
  {
    "id": "90",
    "company": "Discover",
    "url": "https://portal.discover.com/customersvcs/universalLogin/ac_main"
  },
  {
    "id": "91",
    "company": "Capital One",
    "url": "https://verified.capitalone.com/auth/signin"
  },
  {
    "id": "92",
    "company": "HSBC",
    "url": "https://www.us.hsbc.com/online-banking"
  },
  {
    "id": "96",
    "company": "SunTrust",
    "url": "https://www.truist.com/"
  },
  {
    "id": "98",
    "company": "Vanguard",
    "url": "https://personal.vanguard.com/us/Logon"
  },
  {
    "id": "100",
    "company": "E*TRADE",
    "url": "https://us.etrade.com/etx/pxy/login"
  },
  {
    "id": "101",
    "company": "Robinhood",
    "url": "https://robinhood.com/login"
  },
  {
    "id": "103",
    "company": "Scottrade",
    "url": "https://trading.scottrade.com/OnlineTrading/SignIn"
  },
  {
    "id": "104",
    "company": "Goldman Sachs",
    "url": "https://idfs.gs.com/as/authorization.oauth2?response_type=code&scope=openid%20profile&client_id=4c0a7c40da684212a09e2c35bd5470ce&state=amU1otsJMZYzyW9XP5W5idVYFsk&redirect_uri=https%3A%2F%2Fwww.gsselect.com%2Fcallback&nonce=D6WzgaaYf9n1pPVoaFMUNpZJ6Xi8r39LmO7wSk9y0PY&response_mode=fragment&pfidpadapterid=ColtComp"
  },
  {
    "id": "107",
    "company": "US Bank",
    "url": "https://onlinebanking.usbank.com/Auth/Login"
  },
  {
    "id": "108",
    "company": "Mastercard",
    "url": "https://www.mastercard.com/login"
  },
  {
    "id": "109",
    "company": "Visa",
    "url": "https://www.visaonline.com/login/"
  },
  {
    "id": "110",
    "company": "Square",
    "url": "https://squareup.com/login"
  },
  {
    "id": "112",
    "company": "Venmo",
    "url": "https://account.venmo.com/login"
  },
  {
    "id": "113",
    "company": "Zelle",
    "url": "https://www.zellepay.com/get-started"
  },
  {
    "id": "114",
    "company": "Coinbase",
    "url": "https://www.coinbase.com/signin"
  },
  {
    "id": "117",
    "company": "Bittrex",
    "url": "https://bittrex.com/account/login"
  }
]
