[
    {
      "company": "Google",
      "url": "https://accounts.google.com/signin"
    },
    {
      "company": "Facebook",
      "url": "https://www.facebook.com/login"
    },
    {
      "company": "Amazon",
      "url": "https://www.amazon.com/ap/signin"
    },
    {
      "company": "Twitter",
      "url": "https://twitter.com/login"
    },
    {
      "company": "Instagram",
      "url": "https://www.instagram.com/accounts/login/"
    },
    {
      "company": "LinkedIn",
      "url": "https://www.linkedin.com/login"
    },
    {
      "company": "Yahoo",
      "url": "https://login.yahoo.com/"
    },
    {
      "company": "Netflix",
      "url": "https://www.netflix.com/login"
    },
    {
      "company": "eBay",
      "url": "https://signin.ebay.com/"
    },
    {
      "company": "Reddit",
      "url": "https://www.reddit.com/login/"
    },
    {
      "company": "Pinterest",
      "url": "https://www.pinterest.com/login/"
    },
    {
      "company": "PayPal",
      "url": "https://www.paypal.com/signin"
    },
    {
      "company": "Microsoft",
      "url": "https://login.live.com/"
    },
    {
      "company": "Apple",
      "url": "https://appleid.apple.com/"
    },
    {
      "company": "Spotify",
      "url": "https://accounts.spotify.com/en/login"
    },
    {
      "company": "Dropbox",
      "url": "https://www.dropbox.com/login"
    },
    {
      "company": "Adobe",
      "url": "https://accounts.adobe.com/"
    },
    {
      "company": "Slack",
      "url": "https://slack.com/signin"
    },
    {
      "company": "WordPress",
      "url": "https://wordpress.com/log-in"
    },
    {
      "company": "GitHub",
      "url": "https://github.com/login"
    },
    {
      "company": "Twitch",
      "url": "https://www.twitch.tv/login"
    },
    {
      "company": "Snapchat",
      "url": "https://accounts.snapchat.com/accounts/login"
    },
    {
      "company": "Airbnb",
      "url": "https://www.airbnb.com/login"
    },
    {
      "company": "Uber",
      "url": "https://auth.uber.com/login/"
    },
    {
      "company": "Slack",
      "url": "https://slack.com/signin"
    },
    {
      "company": "Spotify",
      "url": "https://accounts.spotify.com/en/login"
    },
    {
      "company": "Salesforce",
      "url": "https://login.salesforce.com/"
    },
    {
      "company": "Trello",
      "url": "https://trello.com/login"
    },
    {
      "company": "Bitbucket",
      "url": "https://bitbucket.org/account/signin/"
    },
    {
      "company": "Heroku",
      "url": "https://id.heroku.com/login"
    },
    {
      "company": "DigitalOcean",
      "url": "https://cloud.digitalocean.com/login"
    },
    {
      "company": "Stack Overflow",
      "url": "https://stackoverflow.com/users/login"
    },
    {
      "company": "Medium",
      "url": "https://medium.com/m/signin"
    },
    {
      "company": "Quora",
      "url": "https://www.quora.com/login"
    },
    {
      "company": "Vimeo",
      "url": "https://vimeo.com/log_in"
    },
    {
      "company": "Tumblr",
      "url": "https://www.tumblr.com/login"
    },
    {
      "company": "Bing",
      "url": "https://login.live.com/"
    },
    {
      "company": "WhatsApp",
      "url": "https://web.whatsapp.com/"
    },
    {
      "company": "Yelp",
      "url": "https://www.yelp.com/login"
    },
    {
      "company": "Indeed",
      "url": "https://secure.indeed.com/account/login"
    },
    {
      "company": "Glassdoor",
      "url": "https://www.glassdoor.com/profile/login_input.htm"
    },
    {
      "company": "Tripadvisor",
      "url": "https://www.tripadvisor.com/RegistrationController"
    },
    {
      "company": "Zillow",
      "url": "https://www.zillow.com/user/acct/login/"
    },
    {
      "company": "Slack",
      "url": "https://slack.com/signin"
    },
    {
      "company": "Tinder",
      "url": "https://tinder.com/login"
    },
    {
      "company": "Hulu",
      "url": "https://auth.hulu.com/web/login"
    },
    {
      "company": "Khan Academy",
      "url": "https://www.khanacademy.org/login"
    },
    {
      "company": "Coursera",
      "url": "https://www.coursera.org/?authMode=login"
    },
    {
      "company": "Udemy",
      "url": "https://www.udemy.com/join/login-popup/"
    },
    {
      "company": "Skillshare",
      "url": "https://www.skillshare.com/login"
    },
    {
      "company": "MasterClass",
      "url": "https://www.masterclass.com/login"
    },
    {
      "company": "Codecademy",
      "url": "https://www.codecademy.com/login"
    },
    {
      "company": "Duolingo",
      "url": "https://www.duolingo.com/log-in"
    },
    {
      "company": "Kaggle",
      "url": "https://www.kaggle.com/account/login"
    },
    {
      "company": "Udacity",
      "url": "https://auth.udacity.com/sign-in"
    },
    {
      "company": "Pluralsight",
      "url": "https://app.pluralsight.com/id"
    },
    {
      "company": "Walmart",
      "url": "https://www.walmart.com/account/login"
    },
    {
      "company": "Target",
      "url": "https://www.target.com/login"
    },
    {
      "company": "Home Depot",
      "url": "https://www.homedepot.com/auth/view/signin"
    },
    {
      "company": "Best Buy",
      "url": "https://www.bestbuy.com/identity/global/signin"
    },
    {
      "company": "Costco",
      "url": "https://www.costco.com/LogonForm"
    },
    {
      "company": "IKEA",
      "url": "https://www.ikea.com/us/en/profile/login"
    },
    {
      "company": "Lowes",
      "url": "https://www.lowes.com/u/login"
    },
    {
      "company": "Wayfair",
      "url": "https://www.wayfair.com/login"
    },
    {
      "company": "Sephora",
      "url": "https://www.sephora.com/profile/Login"
    },
    {
      "company": "Nike",
      "url": "https://www.nike.com/login"
    },
    {
      "company": "Adidas",
      "url": "https://www.adidas.com/us/login"
    },
    {
      "company": "Google",
      "url": "https://accounts.google.com/signin"
    },
    {
      "company": "Facebook",
      "url": "https://www.facebook.com/login"
    },
    {
      "company": "Amazon",
      "url": "https://www.amazon.com/ap/signin"
    },
    {
      "company": "Microsoft",
      "url": "https://login.live.com/"
    },
    {
      "company": "Apple",
      "url": "https://appleid.apple.com/"
    },
    {
      "company": "PayPal",
      "url": "https://www.paypal.com/signin"
    },
    {
      "company": "Netflix",
      "url": "https://www.netflix.com/login"
    },
    {
      "company": "Bank of America",
      "url": "https://secure.bankofamerica.com/login/sign-in/signOnV2Screen.go"
    },
    {
      "company": "Wells Fargo",
      "url": "https://www.wellsfargo.com/online-banking/sign-on/"
    },
    {
      "company": "Chase",
      "url": "https://secure07c.chase.com/web/auth/#/logon/logon/"
    },
    {
      "company": "Citibank",
      "url": "https://online.citi.com/US/login.do"
    },
    {
      "company": "LinkedIn",
      "url": "https://www.linkedin.com/login"
    },
    {
      "company": "Twitter",
      "url": "https://twitter.com/login"
    },
    {
      "company": "Instagram",
      "url": "https://www.instagram.com/accounts/login/"
    },
    {
      "company": "Yahoo",
      "url": "https://login.yahoo.com/"
    },
    {
      "company": "Dropbox",
      "url": "https://www.dropbox.com/login"
    },
    {
      "company": "Adobe",
      "url": "https://accounts.adobe.com/"
    },
    {
      "company": "Slack",
      "url": "https://slack.com/signin"
    },
    {
      "company": "Salesforce",
      "url": "https://login.salesforce.com/"
    },
    {
      "company": "GitHub",
      "url": "https://github.com/login"
    },
    {
      "company": "eBay",
      "url": "https://signin.ebay.com/"
    },
    {
      "company": "Reddit",
      "url": "https://www.reddit.com/login/"
    },
    {
      "company": "Pinterest",
      "url": "https://www.pinterest.com/login/"
    },
    {
      "company": "Uber",
      "url": "https://auth.uber.com/login/"
    },
    {
      "company": "Airbnb",
      "url": "https://www.airbnb.com/login"
    },
    {
      "company": "Snapchat",
      "url": "https://accounts.snapchat.com/accounts/login"
    },
    {
      "company": "Spotify",
      "url": "https://accounts.spotify.com/en/login"
    },
    {
      "company": "Hulu",
      "url": "https://auth.hulu.com/web/login"
    },
    {
      "company": "WhatsApp",
      "url": "https://web.whatsapp.com/"
    },
    {
      "company": "Yelp",
      "url": "https://www.yelp.com/login"
    },
    {
      "company": "Indeed",
      "url": "https://secure.indeed.com/account/login"
    },
    {
      "company": "Glassdoor",
      "url": "https://www.glassdoor.com/profile/login_input.htm"
    },
    {
      "company": "Tinder",
      "url": "https://tinder.com/login"
    },
    {
      "company": "Coursera",
      "url": "https://www.coursera.org/?authMode=login"
    },
    {
      "company": "Udemy",
      "url": "https://www.udemy.com/join/login-popup/"
    },
    {
      "company": "Skillshare",
      "url": "https://www.skillshare.com/login"
    },
    {
      "company": "MasterClass",
      "url": "https://www.masterclass.com/login"
    },
    {
      "company": "Codecademy",
      "url": "https://www.codecademy.com/login"
    },
    {
      "company": "Duolingo",
      "url": "https://www.duolingo.com/log-in"
    },
    {
      "company": "Kaggle",
      "url": "https://www.kaggle.com/account/login"
    },
    {
      "company": "Udacity",
      "url": "https://auth.udacity.com/sign-in"
    },
    {
      "company": "Pluralsight",
      "url": "https://app.pluralsight.com/id"
    },
    {
      "company": "Tripadvisor",
      "url": "https://www.tripadvisor.com/RegistrationController"
    },
    {
      "company": "Expedia",
      "url": "https://www.expedia.com/user/signin"
    },
    {
      "company": "Booking.com",
      "url": "https://account.booking.com/sign-in"
    },
    {
      "company": "Hotels.com",
      "url": "https://secure.hotels.com/login"
    },
    {
      "company": "Airbnb",
      "url": "https://www.airbnb.com/login"
    },
    {
      "company": "Marriott",
      "url": "https://www.marriott.com/sign-in"
    },
    {
      "company": "Hilton",
      "url": "https://www.hilton.com/en/sign-in/"
    },
    {
      "company": "American Express",
      "url": "https://global.americanexpress.com/login"
    },
    {
      "company": "Discover",
      "url": "https://portal.discover.com/customersvcs/universalLogin/ac_main"
    },
    {
      "company": "Capital One",
      "url": "https://www.capitalone.com/login"
    },
    {
      "company": "HSBC",
      "url": "https://www.us.hsbc.com/online-banking"
    },
    {
      "company": "PNC",
      "url": "https://www.pnc.com/en/personal-banking/sign-on.html"
    },
    {
      "company": "TD Bank",
      "url": "https://onlinebanking.tdbank.com/"
    },
    {
      "company": "BB&T",
      "url": "https://www.bbt.com/sign-in.html"
    },
    {
      "company": "SunTrust",
      "url": "https://www.suntrust.com/"
    },
    {
      "company": "Fidelity",
      "url": "https://login.fidelity.com/ftgw/Fas/Fidelity/RtlCust/Login/Init"
    },
    {
      "company": "Vanguard",
      "url": "https://personal.vanguard.com/us/Logon"
    },
    {
      "company": "Charles Schwab",
      "url": "https://client.schwab.com/Login/SignOn/CustomerCenterLogin.aspx"
    },
    {
      "company": "E*TRADE",
      "url": "https://us.etrade.com/e/t/user/login"
    },
    {
      "company": "Robinhood",
      "url": "https://robinhood.com/login"
    },
    {
      "company": "TD Ameritrade",
      "url": "https://invest.ameritrade.com/grid/p/login"
    },
    {
      "company": "Scottrade",
      "url": "https://trading.scottrade.com/OnlineTrading/SignIn"
    },
    {
      "company": "Bank of America",
      "url": "https://secure.bankofamerica.com/login/sign-in/signOnV2Screen.go"
    },
    {
      "company": "Capital One",
      "url": "https://www.capitalone.com/login"
    },
    {
      "company": "Citibank",
      "url": "https://online.citi.com/US/login.do"
    },
    {
      "company": "Discover",
      "url": "https://portal.discover.com/customersvcs/universalLogin/ac_main"
    },
    {
      "company": "Goldman Sachs",
      "url": "https://www.goldmansachs.com/login/"
    },
    {
      "company": "HSBC",
      "url": "https://www.us.hsbc.com/online-banking"
    },
    {
      "company": "JPMorgan Chase",
      "url": "https://secure07c.chase.com/web/auth/#/logon/logon/"
    },
    {
      "company": "Morgan Stanley",
      "url": "https://www.morganstanley.com/wealth/investmentsolutions/accounts/"
    },
    {
      "company": "PNC",
      "url": "https://www.pnc.com/en/personal-banking/sign-on.html"
    },
    {
      "company": "SunTrust",
      "url": "https://www.suntrust.com/"
    },
    {
      "company": "TD Bank",
      "url": "https://onlinebanking.tdbank.com/"
    },
    {
      "company": "US Bank",
      "url": "https://onlinebanking.usbank.com/Auth/Login"
    },
    {
      "company": "Wells Fargo",
      "url": "https://www.wellsfargo.com/online-banking/sign-on/"
    },
    {
      "company": "American Express",
      "url": "https://global.americanexpress.com/login"
    },
    {
      "company": "Mastercard",
      "url": "https://www.mastercard.com/login"
    },
    {
      "company": "Visa",
      "url": "https://www.visa.com/sign-in"
    },
    {
      "company": "Square",
      "url": "https://squareup.com/login"
    },
    {
      "company": "Stripe",
      "url": "https://dashboard.stripe.com/login"
    },
    {
      "company": "PayPal",
      "url": "https://www.paypal.com/signin"
    },
    {
      "company": "Venmo",
      "url": "https://account.venmo.com/login"
    },
    {
      "company": "Zelle",
      "url": "https://www.zellepay.com/get-started"
    },
    {
      "company": "Robinhood",
      "url": "https://robinhood.com/login"
    },
    {
      "company": "E*TRADE",
      "url": "https://us.etrade.com/e/t/user/login"
    },
    {
      "company": "Coinbase",
      "url": "https://www.coinbase.com/signin"
    },
    {
      "company": "Binance",
      "url": "https://accounts.binance.com/en/login"
    },
    {
      "company": "Kraken",
      "url": "https://www.kraken.com/login"
    },
    {
      "company": "Gemini",
      "url": "https://exchange.gemini.com/signin"
    },
    {
      "company": "Bitfinex",
      "url": "https://www.bitfinex.com/signin"
    },
    {
      "company": "Bittrex",
      "url": "https://bittrex.com/login"
    }
  ]
  