[
  {
    "url": "https://www.fedex.com/secure-login/en-us/#/login-credentials",
    "domain": "www.fedex.com",
    "secured": true,
    "subdomains": 1,
    "title": "FedEx | System Down",
    "keywordsPresent": false,
    "descriptionPresent": false,
    "webGeneratorTool": "",
    "imgAltTagsMissingCount": 0,
    "brokenLinksCount": 0,
    "totalLinkCount": 0,
    "hasPasswordField": false,
    "domainExtension": "com",
    "hasValidSignInFields": false,
    "hasInvalidSignInFields": false
  },
  {
    "url": "https://reg.usps.com/entreg/LoginAction_input",
    "domain": "reg.usps.com",
    "secured": true,
    "subdomains": 1,
    "title": "USPS.com® - Sign In",
    "keywordsPresent": true,
    "descriptionPresent": true,
    "webGeneratorTool": "",
    "imgAltTagsMissingCount": 0,
    "brokenLinksCount": 7,
    "totalLinkCount": 56,
    "hasPasswordField": true,
    "domainExtension": "com",
    "hasValidSignInFields": true,
    "hasInvalidSignInFields": true
  },
  {
    "url": "https://signin.att.com/dynamic/iamLRR/LrrController?IAM_OP=login&appName=m14186&loginSuccessURL=https:%2F%2Foidc.idp.clogin.att.com%2Fmga%2Fsps%2Foauth%2Foauth20%2Fauthorize%3Fresponse_type%3Did_token%26client_id%3Dm14186%26redirect_uri%3Dhttps%253A%252F%252Fwww.att.com%252Fmsapi%252Flogin%252Funauth%252Fservice%252Fv1%252Fhaloc%252Foidc%252Fredirect%26state%3Dfrom%253Didp%26scope%3Dopenid%26response_mode%3Dform_post%26nonce%3DmpKYFxdX",
    "domain": "signin.att.com",
    "secured": true,
    "subdomains": 1,
    "title": "Login Screen",
    "keywordsPresent": false,
    "descriptionPresent": false,
    "webGeneratorTool": "",
    "imgAltTagsMissingCount": 0,
    "brokenLinksCount": 0,
    "totalLinkCount": 8,
    "hasPasswordField": false,
    "domainExtension": "com",
    "hasValidSignInFields": true,
    "hasInvalidSignInFields": true
  },
  {
    "url": "https://secure.verizon.com/signin",
    "domain": "secure.verizon.com",
    "secured": true,
    "subdomains": 1,
    "title": "My Verizon login. Sign in to your Verizon Wireless or Fios Account",
    "keywordsPresent": true,
    "descriptionPresent": true,
    "webGeneratorTool": "",
    "imgAltTagsMissingCount": 0,
    "brokenLinksCount": 3,
    "totalLinkCount": 264,
    "hasPasswordField": true,
    "domainExtension": "com",
    "hasValidSignInFields": true,
    "hasInvalidSignInFields": true
  },
  {
    "url": "https://account.t-mobile.com/signin/v2/",
    "domain": "account.t-mobile.com",
    "secured": true,
    "subdomains": 1,
    "title": "My T-Mobile Login - Pay Bills Online & Manage Your T-Mobile Account",
    "keywordsPresent": false,
    "descriptionPresent": true,
    "webGeneratorTool": "",
    "imgAltTagsMissingCount": 0,
    "brokenLinksCount": 2,
    "totalLinkCount": 26,
    "hasPasswordField": true,
    "domainExtension": "com",
    "hasValidSignInFields": true,
    "hasInvalidSignInFields": false
  },
  {
    "url": "https://www.t-mobile.com/",
    "domain": "www.t-mobile.com",
    "secured": true,
    "subdomains": 1,
    "title": "T-Mobile® Official Site: Get Even More Without Paying More",
    "keywordsPresent": false,
    "descriptionPresent": true,
    "webGeneratorTool": "",
    "imgAltTagsMissingCount": 0,
    "brokenLinksCount": 4,
    "totalLinkCount": 184,
    "hasPasswordField": false,
    "domainExtension": "com",
    "hasValidSignInFields": true,
    "hasInvalidSignInFields": true
  },
  {
    "url": "https://auth.bt.com/9e48dc1b-bb65-4264-9a66-21e9c24affc7/b2c_1a_rpbt_signin/oauth2/v2.0/authorize?response_type=code&scope=offline_access%20openid%20d01061d1-5647-40e3-a49b-de812af76fd6&client_id=d01061d1-5647-40e3-a49b-de812af76fd6&state=sDJ6j7l4E2yRh755GrLUQRsP_fY&redirect_uri=https%3A%2F%2Fmy.bt.com%2Fappsselfcare%2Fsecure%2Foauth2%2Fauthresp&nonce=1qiPFJycdkbTQm_UVlOXG-6p9M47OkqUCvPmRnauTLo&code_challenge=D-B-HxjtlIfiaILKfRmcYb81isyicUausYqBc9F3K4w&code_challenge_method=S256#/homehttps://my.bt.com/s/apps/appsmybt/#/home",
    "domain": "auth.bt.com",
    "secured": true,
    "subdomains": 1,
    "title": "Secure Authentication",
    "keywordsPresent": false,
    "descriptionPresent": false,
    "webGeneratorTool": "",
    "imgAltTagsMissingCount": 0,
    "brokenLinksCount": 0,
    "totalLinkCount": 3,
    "hasPasswordField": false,
    "domainExtension": "com",
    "hasValidSignInFields": true,
    "hasInvalidSignInFields": true
  },
  {
    "url": "https://www.vodafone.com/login",
    "domain": "www.vodafone.com",
    "secured": true,
    "subdomains": 1,
    "title": "",
    "keywordsPresent": false,
    "descriptionPresent": true,
    "webGeneratorTool": "",
    "imgAltTagsMissingCount": 0,
    "brokenLinksCount": 0,
    "totalLinkCount": 294,
    "hasPasswordField": false,
    "domainExtension": "com",
    "hasValidSignInFields": false,
    "hasInvalidSignInFields": false
  },
  {
    "url": "https://captcha.orange.fr/?csid=28fa603b-ba57-4ec5-a0cc-257615f33a13&captchaService=idme",
    "domain": "captcha.orange.fr",
    "secured": true,
    "subdomains": 1,
    "title": "Avant d’aller plus loin sur Orange",
    "keywordsPresent": false,
    "descriptionPresent": false,
    "webGeneratorTool": "",
    "imgAltTagsMissingCount": 0,
    "brokenLinksCount": 1,
    "totalLinkCount": 6,
    "hasPasswordField": false,
    "domainExtension": "fr",
    "hasValidSignInFields": false,
    "hasInvalidSignInFields": false
  },
  {
    "url": "https://www.telefonica.com/en/wp-login.php",
    "domain": "www.telefonica.com",
    "secured": true,
    "subdomains": 1,
    "title": "Log In ‹ Telefónica — WordPress",
    "keywordsPresent": false,
    "descriptionPresent": false,
    "webGeneratorTool": "",
    "imgAltTagsMissingCount": 0,
    "brokenLinksCount": 0,
    "totalLinkCount": 6,
    "hasPasswordField": true,
    "domainExtension": "com",
    "hasValidSignInFields": true,
    "hasInvalidSignInFields": false
  },
  {
    "url": "https://www.telekom.com/en",
    "domain": "www.telekom.com",
    "secured": true,
    "subdomains": 1,
    "title": "Corporate Website: Information about the Group | Deutsche Telekom",
    "keywordsPresent": false,
    "descriptionPresent": true,
    "webGeneratorTool": "",
    "imgAltTagsMissingCount": 0,
    "brokenLinksCount": 36,
    "totalLinkCount": 259,
    "hasPasswordField": false,
    "domainExtension": "com",
    "hasValidSignInFields": true,
    "hasInvalidSignInFields": false
  },
  {
    "url": "https://login.xfinity.com/login",
    "domain": "login.xfinity.com",
    "secured": true,
    "subdomains": 1,
    "title": "Sign in to Xfinity",
    "keywordsPresent": false,
    "descriptionPresent": true,
    "webGeneratorTool": "",
    "imgAltTagsMissingCount": 0,
    "brokenLinksCount": 5,
    "totalLinkCount": 113,
    "hasPasswordField": false,
    "domainExtension": "com",
    "hasValidSignInFields": true,
    "hasInvalidSignInFields": true
  },
  {
    "url": "https://accounts.google.com/v3/signin/identifier?ifkv=AdF4I749XPfIQaZq169-Yjv3sl095VM_fTW0hhM2JRa9-zxac_aXXJu7kBdWUNJM1uEJH-u7XzaKRw&flowName=GlifWebSignIn&flowEntry=ServiceLogin&dsh=S-368931022%3A1720798243509697&ddm=0",
    "domain": "accounts.google.com",
    "secured": true,
    "subdomains": 1,
    "title": "Sign in - Google Accounts",
    "keywordsPresent": false,
    "descriptionPresent": true,
    "webGeneratorTool": "",
    "imgAltTagsMissingCount": 0,
    "brokenLinksCount": 0,
    "totalLinkCount": 4,
    "hasPasswordField": false,
    "domainExtension": "com",
    "hasValidSignInFields": true,
    "hasInvalidSignInFields": true
  },
  {
    "url": "https://www.facebook.com/login",
    "domain": "www.facebook.com",
    "secured": true,
    "subdomains": 1,
    "title": "Facebook இல் உள்நுழையவும்",
    "keywordsPresent": false,
    "descriptionPresent": true,
    "webGeneratorTool": "",
    "imgAltTagsMissingCount": 0,
    "brokenLinksCount": 0,
    "totalLinkCount": 46,
    "hasPasswordField": true,
    "domainExtension": "com",
    "hasValidSignInFields": true,
    "hasInvalidSignInFields": false
  },
  {
    "url": "https://www.amazon.com/ap/signin",
    "domain": "www.amazon.com",
    "secured": true,
    "subdomains": 1,
    "title": "",
    "keywordsPresent": false,
    "descriptionPresent": false,
    "webGeneratorTool": "",
    "imgAltTagsMissingCount": 0,
    "brokenLinksCount": 0,
    "totalLinkCount": 1,
    "hasPasswordField": true,
    "domainExtension": "com",
    "hasValidSignInFields": false,
    "hasInvalidSignInFields": false
  },
  {
    "url": "https://x.com/login?mx=2",
    "domain": "x.com",
    "secured": true,
    "subdomains": 0,
    "title": "",
    "keywordsPresent": false,
    "descriptionPresent": false,
    "webGeneratorTool": "",
    "imgAltTagsMissingCount": 0,
    "brokenLinksCount": 0,
    "totalLinkCount": 6,
    "hasPasswordField": false,
    "domainExtension": "com",
    "hasValidSignInFields": false,
    "hasInvalidSignInFields": false
  },
  {
    "url": "https://www.instagram.com/accounts/login/",
    "domain": "www.instagram.com",
    "secured": true,
    "subdomains": 1,
    "title": "Login • Instagram",
    "keywordsPresent": false,
    "descriptionPresent": true,
    "webGeneratorTool": "",
    "imgAltTagsMissingCount": 0,
    "brokenLinksCount": 0,
    "totalLinkCount": 17,
    "hasPasswordField": true,
    "domainExtension": "com",
    "hasValidSignInFields": true,
    "hasInvalidSignInFields": false
  },
  {
    "url": "https://www.linkedin.com/login",
    "domain": "www.linkedin.com",
    "secured": true,
    "subdomains": 1,
    "title": "LinkedIn Login, Sign in | LinkedIn",
    "keywordsPresent": false,
    "descriptionPresent": true,
    "webGeneratorTool": "",
    "imgAltTagsMissingCount": 0,
    "brokenLinksCount": 0,
    "totalLinkCount": 12,
    "hasPasswordField": true,
    "domainExtension": "com",
    "hasValidSignInFields": true,
    "hasInvalidSignInFields": false
  },
  {
    "url": "https://www.netflix.com/in/",
    "domain": "www.netflix.com",
    "secured": true,
    "subdomains": 1,
    "title": "Netflix",
    "keywordsPresent": true,
    "descriptionPresent": true,
    "webGeneratorTool": "",
    "imgAltTagsMissingCount": 0,
    "brokenLinksCount": 0,
    "totalLinkCount": 19,
    "hasPasswordField": false,
    "domainExtension": "com",
    "hasValidSignInFields": true,
    "hasInvalidSignInFields": true
  },
  {
    "url": "https://signin.ebay.com/signin/",
    "domain": "signin.ebay.com",
    "secured": true,
    "subdomains": 1,
    "title": "Sign in or Register | eBay",
    "keywordsPresent": false,
    "descriptionPresent": false,
    "webGeneratorTool": "",
    "imgAltTagsMissingCount": 0,
    "brokenLinksCount": 0,
    "totalLinkCount": 14,
    "hasPasswordField": true,
    "domainExtension": "com",
    "hasValidSignInFields": true,
    "hasInvalidSignInFields": true
  },
  {
    "url": "https://www.reddit.com/login/?rdt=51598",
    "domain": "www.reddit.com",
    "secured": true,
    "subdomains": 1,
    "title": "Reddit - Dive into anything",
    "keywordsPresent": false,
    "descriptionPresent": false,
    "webGeneratorTool": "",
    "imgAltTagsMissingCount": 0,
    "brokenLinksCount": 0,
    "totalLinkCount": 8,
    "hasPasswordField": false,
    "domainExtension": "com",
    "hasValidSignInFields": true,
    "hasInvalidSignInFields": false
  },
  {
    "url": "https://www.pinterest.com/login/",
    "domain": "www.pinterest.com",
    "secured": true,
    "subdomains": 1,
    "title": "Pinterest Login",
    "keywordsPresent": false,
    "descriptionPresent": true,
    "webGeneratorTool": "",
    "imgAltTagsMissingCount": 0,
    "brokenLinksCount": 0,
    "totalLinkCount": 5,
    "hasPasswordField": true,
    "domainExtension": "com",
    "hasValidSignInFields": true,
    "hasInvalidSignInFields": false
  },
  {
    "url": "https://login.live.com/",
    "domain": "login.live.com",
    "secured": true,
    "subdomains": 1,
    "title": "Sign in to your Microsoft account",
    "keywordsPresent": false,
    "descriptionPresent": false,
    "webGeneratorTool": "",
    "imgAltTagsMissingCount": 0,
    "brokenLinksCount": 0,
    "totalLinkCount": 3,
    "hasPasswordField": false,
    "domainExtension": "com",
    "hasValidSignInFields": true,
    "hasInvalidSignInFields": true
  },
  {
    "url": "https://accounts.spotify.com/en/login",
    "domain": "accounts.spotify.com",
    "secured": true,
    "subdomains": 1,
    "title": "Login - Spotify",
    "keywordsPresent": false,
    "descriptionPresent": false,
    "webGeneratorTool": "",
    "imgAltTagsMissingCount": 0,
    "brokenLinksCount": 0,
    "totalLinkCount": 4,
    "hasPasswordField": true,
    "domainExtension": "com",
    "hasValidSignInFields": true,
    "hasInvalidSignInFields": false
  },
  {
    "url": "https://www.dropbox.com/login",
    "domain": "www.dropbox.com",
    "secured": true,
    "subdomains": 1,
    "title": "Login - Dropbox",
    "keywordsPresent": false,
    "descriptionPresent": true,
    "webGeneratorTool": "",
    "imgAltTagsMissingCount": 0,
    "brokenLinksCount": 0,
    "totalLinkCount": 5,
    "hasPasswordField": false,
    "domainExtension": "com",
    "hasValidSignInFields": true,
    "hasInvalidSignInFields": true
  },
  {
    "url": "https://slack.com/signin",
    "domain": "slack.com",
    "secured": true,
    "subdomains": 0,
    "title": "Slack",
    "keywordsPresent": false,
    "descriptionPresent": false,
    "webGeneratorTool": "",
    "imgAltTagsMissingCount": 0,
    "brokenLinksCount": 0,
    "totalLinkCount": 57,
    "hasPasswordField": false,
    "domainExtension": "com",
    "hasValidSignInFields": true,
    "hasInvalidSignInFields": true
  },
  {
    "url": "https://wordpress.com/browsehappy?from=%2Flog-in",
    "domain": "wordpress.com",
    "secured": true,
    "subdomains": 0,
    "title": "Unsupported Browser — WordPress.com",
    "keywordsPresent": false,
    "descriptionPresent": false,
    "webGeneratorTool": "",
    "imgAltTagsMissingCount": 0,
    "brokenLinksCount": 0,
    "totalLinkCount": 3,
    "hasPasswordField": false,
    "domainExtension": "com",
    "hasValidSignInFields": false,
    "hasInvalidSignInFields": false
  },
  {
    "url": "https://github.com/login",
    "domain": "github.com",
    "secured": true,
    "subdomains": 0,
    "title": "Sign in to GitHub · GitHub",
    "keywordsPresent": false,
    "descriptionPresent": true,
    "webGeneratorTool": "",
    "imgAltTagsMissingCount": 0,
    "brokenLinksCount": 3,
    "totalLinkCount": 11,
    "hasPasswordField": true,
    "domainExtension": "com",
    "hasValidSignInFields": true,
    "hasInvalidSignInFields": false
  },
  {
    "url": "https://www.twitch.tv/login",
    "domain": "www.twitch.tv",
    "secured": true,
    "subdomains": 1,
    "title": "Log In - Twitch",
    "keywordsPresent": false,
    "descriptionPresent": true,
    "webGeneratorTool": "",
    "imgAltTagsMissingCount": 0,
    "brokenLinksCount": 0,
    "totalLinkCount": 1,
    "hasPasswordField": true,
    "domainExtension": "tv",
    "hasValidSignInFields": true,
    "hasInvalidSignInFields": false
  },
  {
    "url": "https://accounts.snapchat.com/accounts/v2/login?continue=%2Faccounts%2Fwelcome",
    "domain": "accounts.snapchat.com",
    "secured": true,
    "subdomains": 1,
    "title": "Log In | Snapchat",
    "keywordsPresent": false,
    "descriptionPresent": true,
    "webGeneratorTool": "",
    "imgAltTagsMissingCount": 0,
    "brokenLinksCount": 1,
    "totalLinkCount": 23,
    "hasPasswordField": false,
    "domainExtension": "com",
    "hasValidSignInFields": true,
    "hasInvalidSignInFields": false
  },
  {
    "url": "https://www.airbnb.co.in/login?locale=en&_set_bev_on_new_domain=1720798436_EANWM5ZTU5ZWQyOW",
    "domain": "www.airbnb.co.in",
    "secured": true,
    "subdomains": 2,
    "title": "Log In / Sign Up – Airbnb",
    "keywordsPresent": false,
    "descriptionPresent": true,
    "webGeneratorTool": "",
    "imgAltTagsMissingCount": 0,
    "brokenLinksCount": 0,
    "totalLinkCount": 39,
    "hasPasswordField": true,
    "domainExtension": "in",
    "hasValidSignInFields": true,
    "hasInvalidSignInFields": false
  },
  {
    "url": "https://auth.uber.com/v2",
    "domain": "auth.uber.com",
    "secured": true,
    "subdomains": 1,
    "title": "Uber",
    "keywordsPresent": false,
    "descriptionPresent": false,
    "webGeneratorTool": "",
    "imgAltTagsMissingCount": 0,
    "brokenLinksCount": 0,
    "totalLinkCount": 0,
    "hasPasswordField": true,
    "domainExtension": "com",
    "hasValidSignInFields": true,
    "hasInvalidSignInFields": true
  },
  {
    "url": "https://login.salesforce.com/",
    "domain": "login.salesforce.com",
    "secured": true,
    "subdomains": 1,
    "title": "Login | Salesforce",
    "keywordsPresent": false,
    "descriptionPresent": true,
    "webGeneratorTool": "",
    "imgAltTagsMissingCount": 0,
    "brokenLinksCount": 0,
    "totalLinkCount": 7,
    "hasPasswordField": true,
    "domainExtension": "com",
    "hasValidSignInFields": true,
    "hasInvalidSignInFields": false
  },
  {
    "url": "https://id.atlassian.com/login?application=trello&continue=https%3A%2F%2Ftrello.com%2Fauth%2Fatlassian%2Fcallback%3FreturnUrl%3D%26display%3D%26aaOnboarding%3D%26updateEmail%3D%26traceId%3D%26ssoVerified%3D%26createMember%3D%26jiraInviteLink%3D",
    "domain": "id.atlassian.com",
    "secured": true,
    "subdomains": 1,
    "title": "Log in to continue - Log in with Atlassian account",
    "keywordsPresent": false,
    "descriptionPresent": true,
    "webGeneratorTool": "",
    "imgAltTagsMissingCount": 0,
    "brokenLinksCount": 0,
    "totalLinkCount": 7,
    "hasPasswordField": true,
    "domainExtension": "com",
    "hasValidSignInFields": true,
    "hasInvalidSignInFields": false
  },
  {
    "url": "https://id.atlassian.com/login?application=bitbucket&continue=https%3A%2F%2Fbitbucket.org%2Faccount%2Fsignin%2F%3Fnext%3D%252F%26redirectCount%3D1",
    "domain": "id.atlassian.com",
    "secured": true,
    "subdomains": 1,
    "title": "Log in to continue - Log in with Atlassian account",
    "keywordsPresent": false,
    "descriptionPresent": true,
    "webGeneratorTool": "",
    "imgAltTagsMissingCount": 0,
    "brokenLinksCount": 0,
    "totalLinkCount": 7,
    "hasPasswordField": true,
    "domainExtension": "com",
    "hasValidSignInFields": true,
    "hasInvalidSignInFields": false
  },
  {
    "url": "https://id.heroku.com/login",
    "domain": "id.heroku.com",
    "secured": true,
    "subdomains": 1,
    "title": "Heroku | Login",
    "keywordsPresent": false,
    "descriptionPresent": true,
    "webGeneratorTool": "",
    "imgAltTagsMissingCount": 0,
    "brokenLinksCount": 0,
    "totalLinkCount": 12,
    "hasPasswordField": true,
    "domainExtension": "com",
    "hasValidSignInFields": true,
    "hasInvalidSignInFields": false
  },
  {
    "url": "https://cloud.digitalocean.com/login",
    "domain": "cloud.digitalocean.com",
    "secured": true,
    "subdomains": 1,
    "title": "Log in to your account | DigitalOcean",
    "keywordsPresent": false,
    "descriptionPresent": true,
    "webGeneratorTool": "",
    "imgAltTagsMissingCount": 0,
    "brokenLinksCount": 1,
    "totalLinkCount": 6,
    "hasPasswordField": true,
    "domainExtension": "com",
    "hasValidSignInFields": true,
    "hasInvalidSignInFields": false
  },
  {
    "url": "https://stackoverflow.com/users/login",
    "domain": "stackoverflow.com",
    "secured": true,
    "subdomains": 0,
    "title": "Log In - Stack Overflow",
    "keywordsPresent": false,
    "descriptionPresent": false,
    "webGeneratorTool": "",
    "imgAltTagsMissingCount": 0,
    "brokenLinksCount": 0,
    "totalLinkCount": 47,
    "hasPasswordField": true,
    "domainExtension": "com",
    "hasValidSignInFields": true,
    "hasInvalidSignInFields": false
  },
  {
    "url": "https://medium.com/m/signin",
    "domain": "medium.com",
    "secured": true,
    "subdomains": 0,
    "title": "Medium",
    "keywordsPresent": false,
    "descriptionPresent": false,
    "webGeneratorTool": "",
    "imgAltTagsMissingCount": 0,
    "brokenLinksCount": 0,
    "totalLinkCount": 7,
    "hasPasswordField": false,
    "domainExtension": "com",
    "hasValidSignInFields": true,
    "hasInvalidSignInFields": true
  },
  {
    "url": "https://www.quora.com/",
    "domain": "www.quora.com",
    "secured": true,
    "subdomains": 1,
    "title": "Quora - A place to share knowledge and better understand the world",
    "keywordsPresent": false,
    "descriptionPresent": false,
    "webGeneratorTool": "",
    "imgAltTagsMissingCount": 0,
    "brokenLinksCount": 0,
    "totalLinkCount": 17,
    "hasPasswordField": true,
    "domainExtension": "com",
    "hasValidSignInFields": true,
    "hasInvalidSignInFields": false
  },
  {
    "url": "https://vimeo.com/log_in",
    "domain": "vimeo.com",
    "secured": true,
    "subdomains": 0,
    "title": "Log in to Vimeo",
    "keywordsPresent": false,
    "descriptionPresent": true,
    "webGeneratorTool": "",
    "imgAltTagsMissingCount": 0,
    "brokenLinksCount": 0,
    "totalLinkCount": 3,
    "hasPasswordField": true,
    "domainExtension": "com",
    "hasValidSignInFields": true,
    "hasInvalidSignInFields": false
  },
  {
    "url": "https://www.tumblr.com/login",
    "domain": "www.tumblr.com",
    "secured": true,
    "subdomains": 1,
    "title": "Register - Login",
    "keywordsPresent": false,
    "descriptionPresent": true,
    "webGeneratorTool": "",
    "imgAltTagsMissingCount": 0,
    "brokenLinksCount": 0,
    "totalLinkCount": 15,
    "hasPasswordField": true,
    "domainExtension": "com",
    "hasValidSignInFields": true,
    "hasInvalidSignInFields": false
  },
  {
    "url": "https://login.live.com/",
    "domain": "login.live.com",
    "secured": true,
    "subdomains": 1,
    "title": "Sign in to your Microsoft account",
    "keywordsPresent": false,
    "descriptionPresent": false,
    "webGeneratorTool": "",
    "imgAltTagsMissingCount": 0,
    "brokenLinksCount": 0,
    "totalLinkCount": 3,
    "hasPasswordField": false,
    "domainExtension": "com",
    "hasValidSignInFields": true,
    "hasInvalidSignInFields": true
  },
  {
    "url": "https://web.whatsapp.com/",
    "domain": "web.whatsapp.com",
    "secured": true,
    "subdomains": 1,
    "title": "",
    "keywordsPresent": false,
    "descriptionPresent": true,
    "webGeneratorTool": "",
    "imgAltTagsMissingCount": 0,
    "brokenLinksCount": 0,
    "totalLinkCount": 6,
    "hasPasswordField": false,
    "domainExtension": "com",
    "hasValidSignInFields": false,
    "hasInvalidSignInFields": false
  },
  {
    "url": "https://www.glassdoor.com/profile/login_input.htm",
    "domain": "www.glassdoor.com",
    "secured": true,
    "subdomains": 1,
    "title": "Log In | Glassdoor",
    "keywordsPresent": false,
    "descriptionPresent": true,
    "webGeneratorTool": "",
    "imgAltTagsMissingCount": 0,
    "brokenLinksCount": 0,
    "totalLinkCount": 7,
    "hasPasswordField": true,
    "domainExtension": "com",
    "hasValidSignInFields": true,
    "hasInvalidSignInFields": true
  },
  {
    "url": "https://www.tripadvisor.com/RegistrationController",
    "domain": "www.tripadvisor.com",
    "secured": true,
    "subdomains": 1,
    "title": "tripadvisor.com",
    "keywordsPresent": false,
    "descriptionPresent": false,
    "webGeneratorTool": "",
    "imgAltTagsMissingCount": 0,
    "brokenLinksCount": 0,
    "totalLinkCount": 0,
    "hasPasswordField": false,
    "domainExtension": "com",
    "hasValidSignInFields": false,
    "hasInvalidSignInFields": false
  },
  {
    "url": "https://www.zillow.com/user/acct/login/",
    "domain": "www.zillow.com",
    "secured": true,
    "subdomains": 1,
    "title": "Access to this page has been denied",
    "keywordsPresent": false,
    "descriptionPresent": true,
    "webGeneratorTool": "",
    "imgAltTagsMissingCount": 0,
    "brokenLinksCount": 1,
    "totalLinkCount": 1,
    "hasPasswordField": false,
    "domainExtension": "com",
    "hasValidSignInFields": false,
    "hasInvalidSignInFields": false
  },
  {
    "url": "https://tinder.com/",
    "domain": "tinder.com",
    "secured": true,
    "subdomains": 0,
    "title": "Oops | Tinder",
    "keywordsPresent": false,
    "descriptionPresent": true,
    "webGeneratorTool": "",
    "imgAltTagsMissingCount": 0,
    "brokenLinksCount": 0,
    "totalLinkCount": 42,
    "hasPasswordField": false,
    "domainExtension": "com",
    "hasValidSignInFields": true,
    "hasInvalidSignInFields": true
  },
  {
    "url": "https://auth.hulu.com/web/login",
    "domain": "auth.hulu.com",
    "secured": true,
    "subdomains": 1,
    "title": "",
    "keywordsPresent": false,
    "descriptionPresent": false,
    "webGeneratorTool": "",
    "imgAltTagsMissingCount": 0,
    "brokenLinksCount": 0,
    "totalLinkCount": 0,
    "hasPasswordField": false,
    "domainExtension": "com",
    "hasValidSignInFields": false,
    "hasInvalidSignInFields": false
  },
  {
    "url": "https://www.khanacademy.org/login",
    "domain": "www.khanacademy.org",
    "secured": true,
    "subdomains": 1,
    "title": "Khan Academy",
    "keywordsPresent": false,
    "descriptionPresent": true,
    "webGeneratorTool": "",
    "imgAltTagsMissingCount": 0,
    "brokenLinksCount": 0,
    "totalLinkCount": 132,
    "hasPasswordField": true,
    "domainExtension": "org",
    "hasValidSignInFields": true,
    "hasInvalidSignInFields": false
  },
  {
    "url": "https://www.coursera.org/en-IN?authMode=login",
    "domain": "www.coursera.org",
    "secured": true,
    "subdomains": 1,
    "title": "Coursera | Online Courses & Credentials From Top Educators. Join for Free",
    "keywordsPresent": false,
    "descriptionPresent": true,
    "webGeneratorTool": "",
    "imgAltTagsMissingCount": 0,
    "brokenLinksCount": 2,
    "totalLinkCount": 443,
    "hasPasswordField": true,
    "domainExtension": "org",
    "hasValidSignInFields": true,
    "hasInvalidSignInFields": true
  },
  {
    "url": "https://www.udemy.com/join/login-popup/",
    "domain": "www.udemy.com",
    "secured": true,
    "subdomains": 1,
    "title": "Log In and Start Learning | Udemy",
    "keywordsPresent": false,
    "descriptionPresent": true,
    "webGeneratorTool": "",
    "imgAltTagsMissingCount": 0,
    "brokenLinksCount": 0,
    "totalLinkCount": 261,
    "hasPasswordField": true,
    "domainExtension": "com",
    "hasValidSignInFields": true,
    "hasInvalidSignInFields": false
  },
  {
    "url": "https://www.masterclass.com/login",
    "domain": "www.masterclass.com",
    "secured": true,
    "subdomains": 1,
    "title": "MasterClass",
    "keywordsPresent": true,
    "descriptionPresent": true,
    "webGeneratorTool": "",
    "imgAltTagsMissingCount": 0,
    "brokenLinksCount": 0,
    "totalLinkCount": 2,
    "hasPasswordField": false,
    "domainExtension": "com",
    "hasValidSignInFields": false,
    "hasInvalidSignInFields": false
  },
  {
    "url": "https://www.duolingo.com/log-in?isLoggingIn=true",
    "domain": "www.duolingo.com",
    "secured": true,
    "subdomains": 1,
    "title": "Log in - Duolingo",
    "keywordsPresent": true,
    "descriptionPresent": true,
    "webGeneratorTool": "",
    "imgAltTagsMissingCount": 0,
    "brokenLinksCount": 0,
    "totalLinkCount": 118,
    "hasPasswordField": false,
    "domainExtension": "com",
    "hasValidSignInFields": true,
    "hasInvalidSignInFields": true
  },
  {
    "url": "https://www.kaggle.com/account/login",
    "domain": "www.kaggle.com",
    "secured": true,
    "subdomains": 1,
    "title": "Login or Register | Kaggle",
    "keywordsPresent": false,
    "descriptionPresent": true,
    "webGeneratorTool": "",
    "imgAltTagsMissingCount": 0,
    "brokenLinksCount": 0,
    "totalLinkCount": 3,
    "hasPasswordField": false,
    "domainExtension": "com",
    "hasValidSignInFields": true,
    "hasInvalidSignInFields": false
  },
  {
    "url": "https://auth.udacity.com/sign-in",
    "domain": "auth.udacity.com",
    "secured": true,
    "subdomains": 1,
    "title": "Sign In - Udacity",
    "keywordsPresent": false,
    "descriptionPresent": false,
    "webGeneratorTool": "",
    "imgAltTagsMissingCount": 0,
    "brokenLinksCount": 4,
    "totalLinkCount": 8,
    "hasPasswordField": true,
    "domainExtension": "com",
    "hasValidSignInFields": true,
    "hasInvalidSignInFields": false
  },
  {
    "url": "https://app.pluralsight.com/id",
    "domain": "app.pluralsight.com",
    "secured": true,
    "subdomains": 1,
    "title": "Sign In | Pluralsight",
    "keywordsPresent": false,
    "descriptionPresent": false,
    "webGeneratorTool": "",
    "imgAltTagsMissingCount": 0,
    "brokenLinksCount": 0,
    "totalLinkCount": 6,
    "hasPasswordField": true,
    "domainExtension": "com",
    "hasValidSignInFields": true,
    "hasInvalidSignInFields": true
  },
  {
    "url": "https://www.walmart.com/blocked?url=L2FjY291bnQvbG9naW4=&uuid=ac8240f6-4064-11ef-b159-bdbc4798ed87&vid=&g=b",
    "domain": "www.walmart.com",
    "secured": true,
    "subdomains": 1,
    "title": "Robot or human?",
    "keywordsPresent": false,
    "descriptionPresent": false,
    "webGeneratorTool": "",
    "imgAltTagsMissingCount": 0,
    "brokenLinksCount": 0,
    "totalLinkCount": 5,
    "hasPasswordField": false,
    "domainExtension": "com",
    "hasValidSignInFields": false,
    "hasInvalidSignInFields": false
  },
  {
    "url": "https://www.target.com/",
    "domain": "www.target.com",
    "secured": true,
    "subdomains": 1,
    "title": "Target : Expect More. Pay Less.",
    "keywordsPresent": true,
    "descriptionPresent": true,
    "webGeneratorTool": "",
    "imgAltTagsMissingCount": 0,
    "brokenLinksCount": 0,
    "totalLinkCount": 93,
    "hasPasswordField": true,
    "domainExtension": "com",
    "hasValidSignInFields": true,
    "hasInvalidSignInFields": false
  },
  {
    "url": "https://us.accounts.ikea.com/login?state=hKFo2SBMd181Ny1QcHM4bFBrTUd6cy1rODhOM0x5SElnSUFZeqFupWxvZ2luo3RpZNkgM0VTLUR1Y3lEQ2hsb2o2ZDVBMV8yYW9QOVp3WjV3VjejY2lk2SBBRHpFb3NGaUZiOXY5SHVqSDc4RTVrVjIyNjdVMXZONA&client=ADzEosFiFb9v9HujH78E5kV2267U1vN4&protocol=oauth2&redirect_uri=https%3A%2F%2Fwww.ikea.com%2Fus%2Fen%2Fprofile%2Flogin%2F&response_type=code&ui_locales=en-US&code_challenge=W2gsEYbdyCbCtesaXycLDD_N2ze-npMLokg4QnPu_7I&code_challenge_method=S256&scope=openid%20profile%20email%20offline_access&audience=https%3A%2F%2Fretail.api.ikea.com&registration=%7B%7D&consumer=OWF&auth0Client=eyJuYW1lIjoiYXV0aDAuanMiLCJ2ZXJzaW9uIjoiOS4yMS4wIn0%3D&gasid=&sessId=d209f2cf-97bf-4f89-a477-8fb4b4fc9e35&expUserId=96ca5b9b37713e7961e4205299c7461bc1b6899e1340b52a2b182169bd7dca",
    "domain": "us.accounts.ikea.com",
    "secured": true,
    "subdomains": 2,
    "title": "IKEA",
    "keywordsPresent": false,
    "descriptionPresent": false,
    "webGeneratorTool": "",
    "imgAltTagsMissingCount": 0,
    "brokenLinksCount": 0,
    "totalLinkCount": 11,
    "hasPasswordField": true,
    "domainExtension": "com",
    "hasValidSignInFields": true,
    "hasInvalidSignInFields": true
  },
  {
    "url": "https://www.wayfair.com/login",
    "domain": "www.wayfair.com",
    "secured": true,
    "subdomains": 1,
    "title": "Access to this page has been denied",
    "keywordsPresent": false,
    "descriptionPresent": true,
    "webGeneratorTool": "",
    "imgAltTagsMissingCount": 0,
    "brokenLinksCount": 1,
    "totalLinkCount": 1,
    "hasPasswordField": false,
    "domainExtension": "com",
    "hasValidSignInFields": false,
    "hasInvalidSignInFields": false
  },
  {
    "url": "https://accounts.nike.com/authorize/v1?client_id=4fd2d5e7db76e0f85a6bb56721bd51df&redirect_uri=https%3A%2F%2Fwww.nike.com%2Fauth%2Flogin&response_type=code&scope=openid%20nike.digital%20profile%20email%20phone%20flow%20country&state=e4a0be8b2bd74810a31ec71f1434dc25&code_challenge=1d6pvh8G3IpUrWwzNHB8aNIYSEKVH9CAs-CrZ3n153s&code_challenge_method=S256&response_mode=query",
    "domain": "accounts.nike.com",
    "secured": true,
    "subdomains": 1,
    "title": "Access Denied",
    "keywordsPresent": false,
    "descriptionPresent": false,
    "webGeneratorTool": "",
    "imgAltTagsMissingCount": 0,
    "brokenLinksCount": 0,
    "totalLinkCount": 0,
    "hasPasswordField": false,
    "domainExtension": "com",
    "hasValidSignInFields": false,
    "hasInvalidSignInFields": false
  },
  {
    "url": "https://secure.bankofamerica.com/login/sign-in/signOnV2Screen.go",
    "domain": "secure.bankofamerica.com",
    "secured": true,
    "subdomains": 1,
    "title": "Bank of America | Online Banking | Log In | User ID",
    "keywordsPresent": false,
    "descriptionPresent": false,
    "webGeneratorTool": "",
    "imgAltTagsMissingCount": 0,
    "brokenLinksCount": 0,
    "totalLinkCount": 38,
    "hasPasswordField": true,
    "domainExtension": "com",
    "hasValidSignInFields": true,
    "hasInvalidSignInFields": true
  },
  {
    "url": "https://www.wellsfargo.com/online-banking/sign-on/",
    "domain": "www.wellsfargo.com",
    "secured": true,
    "subdomains": 1,
    "title": "Wells Fargo - Page Not Found",
    "keywordsPresent": true,
    "descriptionPresent": true,
    "webGeneratorTool": "",
    "imgAltTagsMissingCount": 0,
    "brokenLinksCount": 0,
    "totalLinkCount": 29,
    "hasPasswordField": false,
    "domainExtension": "com",
    "hasValidSignInFields": true,
    "hasInvalidSignInFields": false
  },
  {
    "url": "https://account.booking.com/sign-in",
    "domain": "account.booking.com",
    "secured": true,
    "subdomains": 1,
    "title": "Booking.com",
    "keywordsPresent": false,
    "descriptionPresent": false,
    "webGeneratorTool": "",
    "imgAltTagsMissingCount": 0,
    "brokenLinksCount": 0,
    "totalLinkCount": 7,
    "hasPasswordField": true,
    "domainExtension": "com",
    "hasValidSignInFields": true,
    "hasInvalidSignInFields": true
  },
  {
    "url": "https://www.marriott.com/sign-in",
    "domain": "www.marriott.com",
    "secured": true,
    "subdomains": 1,
    "title": "Sorry! - Page Not Found on Marriott.com (404 Error)",
    "keywordsPresent": true,
    "descriptionPresent": true,
    "webGeneratorTool": "",
    "imgAltTagsMissingCount": 0,
    "brokenLinksCount": 6,
    "totalLinkCount": 206,
    "hasPasswordField": false,
    "domainExtension": "com",
    "hasValidSignInFields": true,
    "hasInvalidSignInFields": true
  },
  {
    "url": "https://www.hilton.com/en/sign-in/",
    "domain": "www.hilton.com",
    "secured": true,
    "subdomains": 1,
    "title": "",
    "keywordsPresent": false,
    "descriptionPresent": false,
    "webGeneratorTool": "",
    "imgAltTagsMissingCount": 0,
    "brokenLinksCount": 0,
    "totalLinkCount": 0,
    "hasPasswordField": false,
    "domainExtension": "com",
    "hasValidSignInFields": false,
    "hasInvalidSignInFields": false
  },
  {
    "url": "https://portal.discover.com/customersvcs/universalLogin/ac_main",
    "domain": "portal.discover.com",
    "secured": true,
    "subdomains": 1,
    "title": "Credit Card Login | Discover Card",
    "keywordsPresent": false,
    "descriptionPresent": true,
    "webGeneratorTool": "",
    "imgAltTagsMissingCount": 0,
    "brokenLinksCount": 1,
    "totalLinkCount": 125,
    "hasPasswordField": true,
    "domainExtension": "com",
    "hasValidSignInFields": true,
    "hasInvalidSignInFields": true
  },
  {
    "url": "https://verified.capitalone.com/auth/signin",
    "domain": "verified.capitalone.com",
    "secured": true,
    "subdomains": 1,
    "title": "Sign In",
    "keywordsPresent": true,
    "descriptionPresent": true,
    "webGeneratorTool": "",
    "imgAltTagsMissingCount": 0,
    "brokenLinksCount": 1,
    "totalLinkCount": 11,
    "hasPasswordField": true,
    "domainExtension": "com",
    "hasValidSignInFields": true,
    "hasInvalidSignInFields": false
  },
  {
    "url": "https://www.security.us.hsbc.com/gsa/SECURITY_LOGON_PAGE/",
    "domain": "www.security.us.hsbc.com",
    "secured": true,
    "subdomains": 3,
    "title": "Service Unavailable | Banking | HSBC",
    "keywordsPresent": true,
    "descriptionPresent": true,
    "webGeneratorTool": "",
    "imgAltTagsMissingCount": 0,
    "brokenLinksCount": 0,
    "totalLinkCount": 5,
    "hasPasswordField": false,
    "domainExtension": "com",
    "hasValidSignInFields": false,
    "hasInvalidSignInFields": false
  },
  {
    "url": "https://www.truist.com/",
    "domain": "www.truist.com",
    "secured": true,
    "subdomains": 1,
    "title": "Truist Bank | Checking, Savings, Lending, and Financial Services",
    "keywordsPresent": false,
    "descriptionPresent": true,
    "webGeneratorTool": "",
    "imgAltTagsMissingCount": 0,
    "brokenLinksCount": 5,
    "totalLinkCount": 219,
    "hasPasswordField": true,
    "domainExtension": "com",
    "hasValidSignInFields": true,
    "hasInvalidSignInFields": false
  },
  {
    "url": "https://logon.vanguard.com/logon?TYPE=33554433&REALMOID=06-0001af3f-38e0-1462-9e7a-3da60a490000&GUID=&SMAUTHREASON=0&METHOD=GET&SMAGENTNAME=personalprd02&TARGET=$SM$%2Fus%2FLogon",
    "domain": "logon.vanguard.com",
    "secured": true,
    "subdomains": 1,
    "title": "Log on to vanguard.com",
    "keywordsPresent": false,
    "descriptionPresent": false,
    "webGeneratorTool": "",
    "imgAltTagsMissingCount": 0,
    "brokenLinksCount": 1,
    "totalLinkCount": 26,
    "hasPasswordField": true,
    "domainExtension": "com",
    "hasValidSignInFields": true,
    "hasInvalidSignInFields": false
  },
  {
    "url": "https://us.etrade.com/etx/pxy/login",
    "domain": "us.etrade.com",
    "secured": true,
    "subdomains": 1,
    "title": "Log on to E*TRADE",
    "keywordsPresent": false,
    "descriptionPresent": false,
    "webGeneratorTool": "",
    "imgAltTagsMissingCount": 0,
    "brokenLinksCount": 2,
    "totalLinkCount": 122,
    "hasPasswordField": true,
    "domainExtension": "com",
    "hasValidSignInFields": true,
    "hasInvalidSignInFields": false
  },
  {
    "url": "https://robinhood.com/login",
    "domain": "robinhood.com",
    "secured": true,
    "subdomains": 0,
    "title": "Log In | Robinhood",
    "keywordsPresent": false,
    "descriptionPresent": false,
    "webGeneratorTool": "",
    "imgAltTagsMissingCount": 0,
    "brokenLinksCount": 0,
    "totalLinkCount": 2,
    "hasPasswordField": true,
    "domainExtension": "com",
    "hasValidSignInFields": true,
    "hasInvalidSignInFields": false
  },
  {
    "url": "https://www.schwab.com/td-ameritrade",
    "domain": "www.schwab.com",
    "secured": true,
    "subdomains": 1,
    "title": "TD Ameritrade, Inc. is now at Schwab | Charles Schwab",
    "keywordsPresent": true,
    "descriptionPresent": true,
    "webGeneratorTool": "",
    "imgAltTagsMissingCount": 0,
    "brokenLinksCount": 0,
    "totalLinkCount": 414,
    "hasPasswordField": true,
    "domainExtension": "com",
    "hasValidSignInFields": true,
    "hasInvalidSignInFields": false
  },
  {
    "url": "https://idfs.gs.com/as/authorization.oauth2?response_type=code&scope=openid%20profile&client_id=4c0a7c40da684212a09e2c35bd5470ce&state=Q6kam7Vz-sOkHluR_v6Ytt8vQcY&redirect_uri=https%3A%2F%2Fwww.gsselect.com%2Fcallback&nonce=i2eHqHI7jI25cEURGgwVL1Q_e2W3M1WTyClEGSEolwU&response_mode=fragment&pfidpadapterid=ColtComp",
    "domain": "idfs.gs.com",
    "secured": true,
    "subdomains": 1,
    "title": "GS Select Client Portal",
    "keywordsPresent": false,
    "descriptionPresent": false,
    "webGeneratorTool": "",
    "imgAltTagsMissingCount": 0,
    "brokenLinksCount": 1,
    "totalLinkCount": 5,
    "hasPasswordField": true,
    "domainExtension": "com",
    "hasValidSignInFields": true,
    "hasInvalidSignInFields": false
  },
  {
    "url": "https://onlinebanking.usbank.com/auth/login/",
    "domain": "onlinebanking.usbank.com",
    "secured": true,
    "subdomains": 1,
    "title": "Standalone Login",
    "keywordsPresent": false,
    "descriptionPresent": false,
    "webGeneratorTool": "",
    "imgAltTagsMissingCount": 0,
    "brokenLinksCount": 0,
    "totalLinkCount": 3,
    "hasPasswordField": true,
    "domainExtension": "com",
    "hasValidSignInFields": true,
    "hasInvalidSignInFields": false
  },
  {
    "url": "https://www.mastercard.us/en-us.html",
    "domain": "www.mastercard.us",
    "secured": true,
    "subdomains": 1,
    "title": "Mastercard - A Global Technology Company in The Payments Industry",
    "keywordsPresent": false,
    "descriptionPresent": true,
    "webGeneratorTool": "",
    "imgAltTagsMissingCount": 0,
    "brokenLinksCount": 2,
    "totalLinkCount": 269,
    "hasPasswordField": true,
    "domainExtension": "us",
    "hasValidSignInFields": true,
    "hasInvalidSignInFields": false
  },
  {
    "url": "https://www.visaonline.com/login/",
    "domain": "www.visaonline.com",
    "secured": true,
    "subdomains": 1,
    "title": "Log In",
    "keywordsPresent": false,
    "descriptionPresent": false,
    "webGeneratorTool": "",
    "imgAltTagsMissingCount": 0,
    "brokenLinksCount": 0,
    "totalLinkCount": 11,
    "hasPasswordField": true,
    "domainExtension": "com",
    "hasValidSignInFields": true,
    "hasInvalidSignInFields": false
  },
  {
    "url": "https://squareup.com/login",
    "domain": "squareup.com",
    "secured": true,
    "subdomains": 0,
    "title": "Sign In",
    "keywordsPresent": false,
    "descriptionPresent": true,
    "webGeneratorTool": "",
    "imgAltTagsMissingCount": 0,
    "brokenLinksCount": 0,
    "totalLinkCount": 6,
    "hasPasswordField": false,
    "domainExtension": "com",
    "hasValidSignInFields": true,
    "hasInvalidSignInFields": false
  },
  {
    "url": "https://id.venmo.com/signin?country.x=US&locale.x=en&ctxId=AAG8Gtt-fu9CzWbqCMdon4rLOCqiN05vmL5Hlo-DRoiXeaPg0gTGeOKq4ALnXWuqAPIbAfXKDgaIhCQdhuZTsYY=#/lgn",
    "domain": "id.venmo.com",
    "secured": true,
    "subdomains": 1,
    "title": "Log in | Venmo",
    "keywordsPresent": false,
    "descriptionPresent": false,
    "webGeneratorTool": "",
    "imgAltTagsMissingCount": 0,
    "brokenLinksCount": 0,
    "totalLinkCount": 0,
    "hasPasswordField": true,
    "domainExtension": "com",
    "hasValidSignInFields": true,
    "hasInvalidSignInFields": true
  },
  {
    "url": "https://www.zellepay.com/get-started",
    "domain": "www.zellepay.com",
    "secured": true,
    "subdomains": 1,
    "title": "Get Started With Zelle | List of Bank Partners and Credit Unions |",
    "keywordsPresent": true,
    "descriptionPresent": true,
    "webGeneratorTool": "",
    "imgAltTagsMissingCount": 0,
    "brokenLinksCount": 2,
    "totalLinkCount": 2340,
    "hasPasswordField": false,
    "domainExtension": "com",
    "hasValidSignInFields": false,
    "hasInvalidSignInFields": false
  },
  {
    "url": "https://login.coinbase.com/signin?client_id=258660e1-9cfe-4202-9eda-d3beedb3e118&oauth_challenge=70fc0009-6b8f-4b7c-b2ae-70fda2ffc9d5",
    "domain": "login.coinbase.com",
    "secured": true,
    "subdomains": 1,
    "title": "Coinbase - Sign In",
    "keywordsPresent": false,
    "descriptionPresent": true,
    "webGeneratorTool": "",
    "imgAltTagsMissingCount": 0,
    "brokenLinksCount": 0,
    "totalLinkCount": 4,
    "hasPasswordField": false,
    "domainExtension": "com",
    "hasValidSignInFields": true,
    "hasInvalidSignInFields": false
  },
  {
    "url": "https://bittrex.com/account/login",
    "domain": "bittrex.com",
    "secured": true,
    "subdomains": 0,
    "title": "Bittrex Global Login | Log In To Your Bittrex Global Account",
    "keywordsPresent": false,
    "descriptionPresent": true,
    "webGeneratorTool": "",
    "imgAltTagsMissingCount": 0,
    "brokenLinksCount": 0,
    "totalLinkCount": 3,
    "hasPasswordField": true,
    "domainExtension": "com",
    "hasValidSignInFields": true,
    "hasInvalidSignInFields": false
  }
]